<?xml version="1.0" encoding="UTF-8" standalone="yes"?>
<GenericMetadata xsi:schemaLocation="http://www.SDMX.org/resources/SDMXML/schemas/v2_0/genericmetadata SDMXGenericMetadata.xsd http://www.SDMX.org/resources/SDMXML/schemas/v2_0/message SDMXMessage.xsd" xmlns="http://www.SDMX.org/resources/SDMXML/schemas/v2_0/message" xmlns:genericmetadata="http://www.SDMX.org/resources/SDMXML/schemas/v2_0/genericmetadata" xmlns:common="http://www.SDMX.org/resources/SDMXML/schemas/v2_0/common" xmlns:compact="http://www.SDMX.org/resources/SDMXML/schemas/v2_0/compact" xmlns:cross="http://www.SDMX.org/resources/SDMXML/schemas/v2_0/cross" xmlns:generic="http://www.SDMX.org/resources/SDMXML/schemas/v2_0/generic" xmlns:structure="http://www.SDMX.org/resources/SDMXML/schemas/v2_0/structure" xmlns:xsi="http://www.w3.org/2001/XMLSchema-instance">
    <Header>
        <ID>COLC_RENTES_A</ID>
        <Test>false</Test>
        <Name>COLC_RENTES_A_4D_2022_0000 (prc_colc_rents_esms)</Name>
        <Prepared>2024-06-12T12:49:15</Prepared>
        <Sender id="4D0">
            <Contact/>
        </Sender>
        <DataSetID>COLC_RENTES_A_1718189356270</DataSetID>
        <DataSetAction></DataSetAction>
        <Extracted></Extracted>
        <ReportingBegin>2022-01-01T00:00:00</ReportingBegin>
        <ReportingEnd>2022-12-31T00:00:00</ReportingEnd>
        <DataSetAgency>ESTAT</DataSetAgency>
    </Header>
    <genericmetadata:MetadataSet>
        <genericmetadata:MetadataStructureRef>ESMS_MSD</genericmetadata:MetadataStructureRef>
        <genericmetadata:MetadataStructureAgencyRef>ESTAT</genericmetadata:MetadataStructureAgencyRef>
        <genericmetadata:ReportRef>ESMS_REPORT_FULL</genericmetadata:ReportRef>
        <genericmetadata:AttributeValueSet>
            <genericmetadata:TargetRef>FULL_ESMS</genericmetadata:TargetRef>
            <genericmetadata:TargetValues>
                <genericmetadata:ComponentValue component="TIME_PERIOD" object="TimeDimension">2022-A0</genericmetadata:ComponentValue>
                <genericmetadata:ComponentValue component="DATA_PROVIDER" object="DataProvider">4D0</genericmetadata:ComponentValue>
                <genericmetadata:ComponentValue component="DATAFLOW" object="DataFlow">COLC_RENTES_A:1.0</genericmetadata:ComponentValue>
            </genericmetadata:TargetValues>
            <genericmetadata:ReportedAttribute conceptID="CONTACT">
                <genericmetadata:Value></genericmetadata:Value>
                <genericmetadata:ReportedAttribute conceptID="CONTACT_ORGANISATION">
                    <genericmetadata:Value>&lt;p&gt;Eurostat, the statistical office of the European Union&lt;/p&gt;</genericmetadata:Value>
                </genericmetadata:ReportedAttribute>
                <genericmetadata:ReportedAttribute conceptID="ORGANISATION_UNIT">
                    <genericmetadata:Value>&lt;p&gt;C.3. : Statistics for administrative purposes&lt;/p&gt;</genericmetadata:Value>
                </genericmetadata:ReportedAttribute>
                <genericmetadata:ReportedAttribute conceptID="CONTACT_NAME">
                    <genericmetadata:Value>Restricted from publication</genericmetadata:Value>
                    <genericmetadata:Annotations>
                        <common:Annotation>
                            <common:AnnotationType>RESTRICTED_FOR_PUBLICATION</common:AnnotationType>
                            <common:AnnotationText>YES</common:AnnotationText>
                        </common:Annotation>
                    </genericmetadata:Annotations>
                </genericmetadata:ReportedAttribute>
                <genericmetadata:ReportedAttribute conceptID="CONTACT_FUNCT">
                    <genericmetadata:Value>Restricted from publication</genericmetadata:Value>
                    <genericmetadata:Annotations>
                        <common:Annotation>
                            <common:AnnotationType>RESTRICTED_FOR_PUBLICATION</common:AnnotationType>
                            <common:AnnotationText>YES</common:AnnotationText>
                        </common:Annotation>
                    </genericmetadata:Annotations>
                </genericmetadata:ReportedAttribute>
                <genericmetadata:ReportedAttribute conceptID="CONTACT_MAIL">
                    <genericmetadata:Value>&lt;p&gt;2920 Luxembourg LUXEMBOURG&lt;/p&gt;</genericmetadata:Value>
                </genericmetadata:ReportedAttribute>
                <genericmetadata:ReportedAttribute conceptID="CONTACT_EMAIL">
                    <genericmetadata:Value>Restricted from publication</genericmetadata:Value>
                    <genericmetadata:Annotations>
                        <common:Annotation>
                            <common:AnnotationType>RESTRICTED_FOR_PUBLICATION</common:AnnotationType>
                            <common:AnnotationText>YES</common:AnnotationText>
                        </common:Annotation>
                    </genericmetadata:Annotations>
                </genericmetadata:ReportedAttribute>
                <genericmetadata:ReportedAttribute conceptID="CONTACT_PHONE">
                    <genericmetadata:Value>Restricted from publication</genericmetadata:Value>
                    <genericmetadata:Annotations>
                        <common:Annotation>
                            <common:AnnotationType>RESTRICTED_FOR_PUBLICATION</common:AnnotationType>
                            <common:AnnotationText>YES</common:AnnotationText>
                        </common:Annotation>
                    </genericmetadata:Annotations>
                </genericmetadata:ReportedAttribute>
                <genericmetadata:ReportedAttribute conceptID="CONTACT_FAX">
                    <genericmetadata:Value>Restricted from publication</genericmetadata:Value>
                    <genericmetadata:Annotations>
                        <common:Annotation>
                            <common:AnnotationType>RESTRICTED_FOR_PUBLICATION</common:AnnotationType>
                            <common:AnnotationText>YES</common:AnnotationText>
                        </common:Annotation>
                    </genericmetadata:Annotations>
                </genericmetadata:ReportedAttribute>
            </genericmetadata:ReportedAttribute>
            <genericmetadata:ReportedAttribute conceptID="META_UPDATE">
                <genericmetadata:Value></genericmetadata:Value>
                <genericmetadata:ReportedAttribute conceptID="META_CERTIFIED">
                    <genericmetadata:Value>2023-02-02</genericmetadata:Value>
                </genericmetadata:ReportedAttribute>
                <genericmetadata:ReportedAttribute conceptID="META_POSTED">
                    <genericmetadata:Value>2023-02-02</genericmetadata:Value>
                </genericmetadata:ReportedAttribute>
                <genericmetadata:ReportedAttribute conceptID="META_LAST_UPDATE">
                    <genericmetadata:Value>2023-02-02</genericmetadata:Value>
                </genericmetadata:ReportedAttribute>
            </genericmetadata:ReportedAttribute>
            <genericmetadata:ReportedAttribute conceptID="STAT_PRES">
                <genericmetadata:Value></genericmetadata:Value>
                <genericmetadata:ReportedAttribute conceptID="DATA_DESCR">
                    <genericmetadata:Value>&lt;div&gt;Correction coefficients are used to ensure equality of purchasing power of salaries of EU officials&lt;/div&gt;
&lt;div&gt;in the different duty stations. They are calculated as the ratio between the “economic parity” and the exchange rate to the Euro (where applicable). They operate as a percentage adjustment to remuneration expressed in local currency.&lt;/div&gt;
&lt;div&gt;&amp;nbsp;&lt;/div&gt;
&lt;div&gt;The method used to establish economic parities is to compare the price of a basket of goods and services purchased by the average retired international official in Belgium with the price of an equivalent basket of goods and services purchased by the average retired international official in each of the other countries.&lt;/div&gt;
&lt;div&gt;The rent paid for an apartment or house, due to its high weight in the total household expenditure structure, plays a significant role in determining the overall correction coefficient.&lt;/div&gt;
&lt;div&gt;&amp;nbsp;&lt;/div&gt;
&lt;div&gt;Consequently, specific rent surveys are carried out annually in cooperation with relevant real estate agencies. The information obtained, and that derived from similar surveys in previous years, is used to determine the difference in rental prices between Brussels and each of the other locations where the survey is carried out, in rental prices for the same type of dwelling.&lt;/div&gt;
&lt;div&gt;&amp;nbsp;&lt;/div&gt;
&lt;div&gt;The scope of these surveys is to compare the average market rent for some specific kinds of dwellings in some pre-specified representative areas of Brussels with similar dwellings in similar (representative and comparable) areas in other EU capitals and duty stations.&lt;/div&gt;
&lt;div&gt;&amp;nbsp;&lt;/div&gt;
&lt;div&gt;The estate agency rent surveys (EARS) are organised jointly by Eurostat, the International Service for Remunerations and Pensions (ISRP) of the Co-ordinated Organisations and national statistical institutes (NSI) in each duty station, including Brussels, with the collaboration of estate agents in the duty stations concerned.&lt;/div&gt;
&lt;div&gt;&amp;nbsp;&lt;/div&gt;
&lt;div&gt;The work is done in accordance with a methodology approved by the Expert Working Group on Articles 64 &amp;amp; 65 of the Staff Regulations.&lt;/div&gt;
&lt;div&gt;Whilst this rent information is collected for a specific purpose, according to a specific methodology, it may also be relevant for other purposes.&lt;/div&gt;</genericmetadata:Value>
                </genericmetadata:ReportedAttribute>
                <genericmetadata:ReportedAttribute conceptID="CLASS_SYSTEM">
                    <genericmetadata:Value>&lt;div&gt;The tables presented here show average rent prices per type of dwelling.&lt;/div&gt;
&lt;div&gt;&amp;nbsp;&lt;/div&gt;
&lt;div&gt;Five different types of dwellings are surveyed:&lt;/div&gt;
&lt;div&gt;● 3-bedroom flats&lt;/div&gt;
&lt;div&gt;● 2-bedroom flats&lt;/div&gt;
&lt;div&gt;● 1-bedroom flats&lt;/div&gt;
&lt;div&gt;● Non-detached houses&lt;/div&gt;
&lt;div&gt;● Detached houses&lt;/div&gt;
&lt;div&gt;&amp;nbsp;&lt;/div&gt;
&lt;div&gt;Within each of the types of accommodation, a number of different size ranges for total living space are specified, depending on the housing commonly found in each of the different cities. All the size range variants are surveyed in Brussels: only the relevant one is surveyed in each city. The dwelling type size ranges are reviewed every year and updated when necessary.&lt;/div&gt;</genericmetadata:Value>
                </genericmetadata:ReportedAttribute>
                <genericmetadata:ReportedAttribute conceptID="COVERAGE_SECTOR">
                    <genericmetadata:Value>&lt;div&gt;Average rent prices are used to calculate the rent parities for international officials and pensioners but may also be suitable for other uses.&lt;/div&gt;
&lt;div&gt;&amp;nbsp;&lt;/div&gt;
&lt;div&gt;The tables provide information on average rent prices for intra-EU capital cities and selected other duty stations. These are the same locations for which Intra-EU correction coefficients are calculated. The coverage is as follows:&lt;/div&gt;
&lt;div&gt;
&lt;ul&gt;
&lt;li&gt;&amp;nbsp;EU27 Member State capital cities&lt;/li&gt;
&lt;/ul&gt;
&lt;/div&gt;
&lt;div&gt;
&lt;ul&gt;
&lt;li&gt;Selected other Intra-EU duty stations: Bonn (till 2020), Karlsruhe, Munich and Varese&lt;/li&gt;
&lt;/ul&gt;
&lt;/div&gt;
&lt;div&gt;
&lt;ul&gt;
&lt;li&gt;Selected Extra-EU capital cities: Iceland-Reykjavik, Norway-Oslo, Switzerland-Bern, UK-London, Turkey-Ankara, Albania-Tirana, Bosnia and Herzegovina-Sarajevo, Montenegro-Podgorica, North Macedonia-Skopje, Serbia-Belgrade and Kosovo-Pristina.&lt;/li&gt;
&lt;/ul&gt;
&lt;/div&gt;
&lt;div&gt;
&lt;ul&gt;
&lt;li&gt;Selected other Extra-EU duty stations: Switzerland- Geneva, UK-Culham (till 2021).&lt;/li&gt;
&lt;/ul&gt;
&lt;/div&gt;
&lt;div&gt;
&lt;div&gt;Special attention is given to the neighbourhood, which is one of the most important determinants of the rent level. Since the aim of the entire exercise is to compare "like with like", the neighbourhoods surveyed in a particular city may not necessarily be in those areas where expatriates actually live, but will be those which are comparable with those actually occupied by officials in Brussels.&lt;/div&gt;
&lt;div&gt;&amp;nbsp;&lt;/div&gt;
&lt;div&gt;The specific list of neighbourhoods covered in every location is reviewed every year and updated when necessary. The full list of neighbourhoods covered is available in the rents booklet, prepared annually by Eurostat in collaboration with ISRP and published on Eurostat’s website.&lt;/div&gt;
&lt;/div&gt;</genericmetadata:Value>
                </genericmetadata:ReportedAttribute>
                <genericmetadata:ReportedAttribute conceptID="STAT_CONC_DEF">
                    <genericmetadata:Value>&lt;div&gt;See also section 18.1&lt;/div&gt;
&lt;div&gt;&amp;nbsp;&lt;/div&gt;
&lt;div&gt;a) Bilateral economic parities&lt;/div&gt;
&lt;div&gt;In their simplest form economic parities are price relatives that show the ratio of the prices in national currencies of the same good or service in different countries. For example, if the price of a hamburger in Belgium is 3.11 Euros and in Denmark the price is 30.57 Krone, then the parity for hamburgers between Denmark and Belgium is 30.57 Krone to 3.11 Euros, or 9.830 Krone to the Euro. This means that for every Euro spent on hamburgers in Belgium, 9.830 Krone would have to be spent in Denmark to obtain the same quantity and quality - or, in other words, the same volume - of hamburgers.&lt;/div&gt;
&lt;div&gt;If hamburgers were the only item of consumption in the basket of goods and services, then to ensure equivalent purchasing power of the Euro pension of a Belgium-based retired international official when living in Denmark, the pension should either be converted into Krone using the economic parity directly - or the pension should be multiplied by the exchange rate between the Euro and the Krone and then multiplied by the correction coefficient.&lt;/div&gt;
&lt;div&gt;In practice the parity at the level of the overall aggregate refers to a complex assortment of goods and services. Thus, if the total parity (i.e. the parity for total consumption) between Denmark and Belgium is 9.830 Krone to the Euro, it can be inferred that for every Euro received and spent in Belgium, 9.830 Krone would have to be spent in Denmark to purchase the same volume of goods and services. Purchasing the same volume of goods and services does not mean that baskets of goods and services will necessarily be exactly identical in both countries. The exact composition of the baskets will vary to reflect differences in tastes and cultural backgrounds, but both baskets will, in principle, provide equivalent satisfaction or utility.&lt;/div&gt;
&lt;div&gt;&amp;nbsp;&lt;/div&gt;
&lt;div&gt;b) Rent prices&lt;/div&gt;
&lt;div&gt;Parities for most consumer goods and services are established using data compiled in accordance with Regulation 1445/2007 and the Eurostast-OECD methodological manual on purchasing power parities. Updating indices (the Harmonised Index of Consumer Prices) are obtained from national statistical institutes.&lt;/div&gt;
&lt;div&gt;Particular attention is paid to establishing parities for accommodation costs mainly for two reasons:&lt;/div&gt;
&lt;div&gt;
&lt;ul&gt;
&lt;li&gt;They are typically the largest single item of expenditure in the household consumption basket (at least 20-25% of total consumption)&lt;/li&gt;
&lt;/ul&gt;
&lt;/div&gt;
&lt;div&gt;
&lt;ul&gt;
&lt;li&gt;Housing is different from other consumer goods and services because no two dwellings are exactly alike, especially when taking into account all secondary attributes which have an impact on rent such as location, infrastructure, etc.&lt;/li&gt;
&lt;/ul&gt;
&lt;/div&gt;
&lt;div&gt;For this reason, a six-year moving average model is implemented, for which specific estate agency rent surveys are conducted annually by national statistical institutes in cooperation with Eurostat and the International Service for Remunerations and Pensions (ISRP) of the Coordinated Organisations. The methodology is approved by the Expert Working Group on Articles 64 &amp;amp; 65 of the Staff Regulations and regularly reviewed. Market rent data is collected annually for a defined set of dwelling types and sizes. Updating rent price indices are compiled from national statistical institutes. This price data is complemented with information about dwelling type preferences and mobility behaviour from specific Staff Housing Surveys which are conducted at periodic intervals. (see 18.3). Rent parities are established as an average of the rent prices for each dwelling type, using the dwelling type preferences as weights, and by combining the information for multiple years using the&amp;nbsp;mobility behaviour to weight the data for each year.&lt;/div&gt;</genericmetadata:Value>
                </genericmetadata:ReportedAttribute>
                <genericmetadata:ReportedAttribute conceptID="STAT_UNIT">
                    <genericmetadata:Value>&lt;p&gt;The rent prices are collected for specific types of accommodation in pre-selected neighbourhoods. They are usually collected around mid-year, and represent an average of recent market transactions. A simple arithmetic mean of the data provided by participating estate agents is computed.&lt;/p&gt;</genericmetadata:Value>
                </genericmetadata:ReportedAttribute>
                <genericmetadata:ReportedAttribute conceptID="STAT_POP">
                    <genericmetadata:Value>&lt;div&gt;During the surveys, real estate agents are asked to provide the monthly rent figures observed for various types of accommodation, excluding charges and utilities, for an unfurnished property. The quality of the accommodation should be good to very good, but not luxurious (i.e. residential area of good quality, constructed or renovated within the last 10 years, middle floor, in good well-lit position, finish of good quality). The total living area should exclude garage and terraces.&lt;/div&gt;
&lt;div&gt;Special attention is given to the neighbourhood, which is one of the most important determinants of the rent level (see 3.3).&lt;/div&gt;</genericmetadata:Value>
                </genericmetadata:ReportedAttribute>
                <genericmetadata:ReportedAttribute conceptID="REF_AREA">
                    <genericmetadata:Value>&lt;p&gt;The tables provide average rent prices per type of dwelling for the selected neighbourhoods in the selected duty stations (see 3.3 “coverage-sector”).&lt;/p&gt;</genericmetadata:Value>
                </genericmetadata:ReportedAttribute>
                <genericmetadata:ReportedAttribute conceptID="COVERAGE_TIME">
                    <genericmetadata:Value>&lt;p&gt;The rent prices are collected for specific types of accommodation in pre-selected neighbourhoods. They are usually collected around mid-year, and represent an average of recent market transactions. A simple arithmetic mean of the data provided by participating estate agents is computed.&lt;/p&gt;
&lt;p&gt;These average rent prices are presented in the tables with effect from 2013.&lt;/p&gt;</genericmetadata:Value>
                </genericmetadata:ReportedAttribute>
                <genericmetadata:ReportedAttribute conceptID="BASE_PER">
                    <genericmetadata:Value>&lt;p&gt;Not applicable.&lt;/p&gt;</genericmetadata:Value>
                </genericmetadata:ReportedAttribute>
            </genericmetadata:ReportedAttribute>
            <genericmetadata:ReportedAttribute conceptID="UNIT_MEASURE">
                <genericmetadata:Value>&lt;p&gt;Average rent prices are expressed as monetary values, in EUROs and in national currency (NAC). For currency conversions from NAC to EUROs, the exchange rate at July of the year of the rents survey is used, as extracted from the InforEuro.&lt;/p&gt;
&lt;p&gt;Dwelling sizes are expressed in square meters (m&lt;sup&gt;2&lt;/sup&gt;). For the purpose of the estate agency rent surveys (EARS) dwelling sizes are expressed within a 20-square metre band. For the purpose of the prc_colc_surf data series, only the average value of each band is published.&lt;/p&gt;</genericmetadata:Value>
            </genericmetadata:ReportedAttribute>
            <genericmetadata:ReportedAttribute conceptID="REF_PERIOD">
                <genericmetadata:Value>&lt;p&gt;Average rent prices are calculated annually.&lt;/p&gt;</genericmetadata:Value>
            </genericmetadata:ReportedAttribute>
            <genericmetadata:ReportedAttribute conceptID="INST_MANDATE">
                <genericmetadata:Value></genericmetadata:Value>
                <genericmetadata:ReportedAttribute conceptID="INST_MAN_LA_OA">
                    <genericmetadata:Value>&lt;div&gt;Article 64 and Annex XI of the Staff Regulations (Council Regulation EEC, Euratom, ECSC No 259/68 of 29 February 1968) as subsequently amended. Important amendments during the period for which time series data is presented in the tables include :&lt;/div&gt;
&lt;div&gt;
&lt;ul&gt;
&lt;li&gt;&amp;nbsp;Legislation 1991-2003 (Council Regulation No 3830/1991)&lt;/li&gt;
&lt;/ul&gt;
&lt;/div&gt;
&lt;div&gt;
&lt;ul&gt;
&lt;li&gt;Legislation 2004-2012 (Council Regulation No 723/2004)&lt;/li&gt;
&lt;/ul&gt;
&lt;/div&gt;
&lt;div&gt;
&lt;ul&gt;
&lt;li&gt;Legislation 2013- (Council Regulation No 1023/2013)&lt;/li&gt;
&lt;/ul&gt;
&lt;/div&gt;
&lt;div&gt;Common rules for the provision of basic information (input data), the calculation and dissemination of parities are laid down in Regulation EC No 1445/2007 of the European Parliament and of the Council of 11 December 2007.
&lt;div&gt;&amp;nbsp;&lt;/div&gt;
&lt;div&gt;With effect from 2014 the European Statistics Code of Practice applies for work on correction coefficients. It sets the standard for developing, producing and disseminating European statistics, building upon a common definition of quality in statistics.&lt;/div&gt;
&lt;div&gt;&amp;nbsp;&lt;/div&gt;
&lt;div&gt;Specific methodologies and publication policies are decided by the Expert Working Group on Articles 64 &amp;amp; 65 of the Staff Regulations which meets annually in Luxembourg.&lt;/div&gt;
&lt;/div&gt;</genericmetadata:Value>
                </genericmetadata:ReportedAttribute>
                <genericmetadata:ReportedAttribute conceptID="INST_MAN_SHAR">
                    <genericmetadata:Value>&lt;div&gt;The input data is compiled and validated in collaboration with ISRP and national statistical institutes.&lt;/div&gt;
&lt;div&gt;&amp;nbsp;&lt;/div&gt;
&lt;div&gt;The information compiled by Eurostat may be shared with partner organisations including the International Service for Remunerations and Pensions of the Coordinated Organisations (NATO, OECD, CoE, ESA, ECMWF, METSAT) and the United Nations International Civil Service Commission under the terms of an international memorandum of understanding signed in 2009.&lt;/div&gt;</genericmetadata:Value>
                </genericmetadata:ReportedAttribute>
            </genericmetadata:ReportedAttribute>
            <genericmetadata:ReportedAttribute conceptID="CONF">
                <genericmetadata:Value></genericmetadata:Value>
                <genericmetadata:ReportedAttribute conceptID="CONF_POLICY">
                    <genericmetadata:Value>&lt;p&gt;&lt;a href="http://eur-lex.europa.eu/LexUriServ/LexUriServ.do?uri=OJ:L:2009:087:0164:0173:En:PDF" target="_blank"&gt;Regulation (EC) No 223/2009 on European statistics&lt;/a&gt; (recital 24 and Article 20(4)) of 11 March 2009 (OJ L 87, p. 164), stipulates the need to establish common principles and guidelines ensuring the confidentiality of data used for the production of European statistics and the access to those confidential data with due account for technical developments and the requirements of users in a democratic society.&lt;/p&gt;</genericmetadata:Value>
                </genericmetadata:ReportedAttribute>
                <genericmetadata:ReportedAttribute conceptID="CONF_DATA_TR">
                    <genericmetadata:Value>&lt;p&gt;NSIs have access to the input data they compile. The input data is available to Eurostat and ISRP for validation purposes and rent parity calculation purposes. Information is only released at aggregate level to protect the commercial confidentiality of individual data providers.&lt;/p&gt;</genericmetadata:Value>
                </genericmetadata:ReportedAttribute>
            </genericmetadata:ReportedAttribute>
            <genericmetadata:ReportedAttribute conceptID="REL_POLICY">
                <genericmetadata:Value></genericmetadata:Value>
                <genericmetadata:ReportedAttribute conceptID="REL_CAL_POLICY">
                    <genericmetadata:Value>&lt;p&gt;No release calendar&lt;/p&gt;</genericmetadata:Value>
                </genericmetadata:ReportedAttribute>
                <genericmetadata:ReportedAttribute conceptID="REL_CAL_ACCESS">
                    <genericmetadata:Value>&lt;p&gt;not available&lt;/p&gt;</genericmetadata:Value>
                </genericmetadata:ReportedAttribute>
                <genericmetadata:ReportedAttribute conceptID="REL_POL_US_AC">
                    <genericmetadata:Value>&lt;p&gt;In line with the Community legal framework and the &lt;a href="https://ec.europa.eu/eurostat/documents/4031688/8971242/KS-02-18-142-EN-N.pdf/e7f85f07-91db-4312-8118-f729c75878c7" target="_blank"&gt;European Statistics Code of Practice&lt;/a&gt; Eurostat disseminates European statistics on Eurostat's website (see item 10 - 'Accessibility and clarity') respecting professional independence and in an objective, professional and transparent manner in which all users are treated equitably. The detailed arrangements are governed by the &lt;a href="https://ec.europa.eu/eurostat/about-us/impartiality-protocol" target="_blank"&gt;Eurostat protocol on impartial access to Eurostat data for users.&lt;/a&gt;&lt;/p&gt;</genericmetadata:Value>
                </genericmetadata:ReportedAttribute>
            </genericmetadata:ReportedAttribute>
            <genericmetadata:ReportedAttribute conceptID="FREQ_DISS">
                <genericmetadata:Value>&lt;p&gt;Yearly&lt;/p&gt;</genericmetadata:Value>
            </genericmetadata:ReportedAttribute>
            <genericmetadata:ReportedAttribute conceptID="ACCESSIBILITY_CLARITY">
                <genericmetadata:Value></genericmetadata:Value>
                <genericmetadata:ReportedAttribute conceptID="NEWS_REL">
                    <genericmetadata:Value>&lt;p&gt;Not applicable&lt;/p&gt;</genericmetadata:Value>
                </genericmetadata:ReportedAttribute>
                <genericmetadata:ReportedAttribute conceptID="PUBLICATIONS">
                    <genericmetadata:Value>&lt;div&gt;The Eurostat Annual Remuneration Report includes a section with information about rent parities.&lt;/div&gt;
&lt;div&gt;Following transmission of the Eurostat Annual Remuneration Report, a rents booklet prepared by Eurostat and ISRP is published on Eurostat’s website. The booklet provides information about the way the rent survey is organised and presents the current average rent prices for the five dwelling types, both in euros and in local currency, for every surveyed duty station.&lt;/div&gt;
&lt;div&gt;&amp;nbsp;&lt;/div&gt;
&lt;div&gt;Information about the typical surface area of dwellings and the list of surveyed neighbourhoods is also included.&lt;/div&gt;</genericmetadata:Value>
                </genericmetadata:ReportedAttribute>
                <genericmetadata:ReportedAttribute conceptID="ONLINE_DB">
                    <genericmetadata:Value>&lt;div&gt;The correction coefficients domain of Eurostat's database can be accessed under "Economy and finance" - "Prices" - "Correction coefficients" (prc_colc).&lt;/div&gt;
&lt;div&gt;Figures are made available following transmission of the Annual Remuneration Report and production of the annual rents booklet.&lt;/div&gt;</genericmetadata:Value>
                </genericmetadata:ReportedAttribute>
                <genericmetadata:ReportedAttribute conceptID="MICRO_DAT_ACC">
                    <genericmetadata:Value>&lt;p&gt;Results below the level of the analytical categories are generally not disseminated to the general public.&lt;/p&gt;</genericmetadata:Value>
                </genericmetadata:ReportedAttribute>
                <genericmetadata:ReportedAttribute conceptID="DISS_OTHER">
                    <genericmetadata:Value>&lt;div&gt;A time series of the annual rents booklet is available as a PDF document for download from the Dedicated Section pages on Eurostat web site "Civil servants remuneration" - "Estate agency rent surveys" (&lt;a href="https://ec.europa.eu/eurostat/web/civil-servants-remuneration/estate-agency-rent-surveys" target="_blank"&gt;Estate agency rent surveys - Civil servants remuneration - Eurostat (europa.eu)&lt;/a&gt;).&lt;/div&gt;
&lt;div&gt;Some information about rents is also included in the Eurostat Annual Remuneration Report. A time series of these reports is available as a PDF document for download from the Dedicated Section pages on Eurostat web site "Civil servants remuneration" - "Publications" (&lt;a href="https://ec.europa.eu/eurostat/web/civil-servants-remuneration/publications" target="_blank"&gt;Publications - Civil servants remuneration - Eurostat (europa.eu)&lt;/a&gt;).&lt;/div&gt;</genericmetadata:Value>
                </genericmetadata:ReportedAttribute>
                <genericmetadata:ReportedAttribute conceptID="DOC_METHOD">
                    <genericmetadata:Value>&lt;p&gt;The latest version of the "Methodological manual for the calculation of Intra-EU correction coefficients" is available online (see Annex at the bottom of this page). It includes a description of estate agency rent surveys and the calculation of rent parities.&lt;/p&gt;</genericmetadata:Value>
                </genericmetadata:ReportedAttribute>
                <genericmetadata:ReportedAttribute conceptID="QUALITY_DOC">
                    <genericmetadata:Value>&lt;p&gt;Countries provide quality reports ("survey reports") to Eurostat following the finalisation of each estate agency rent survey.&lt;br /&gt;These reports are intended for internal use among the participants, and serve primarily the preparation of forthcoming surveys.&lt;/p&gt;</genericmetadata:Value>
                </genericmetadata:ReportedAttribute>
            </genericmetadata:ReportedAttribute>
            <genericmetadata:ReportedAttribute conceptID="QUALITY_MGMNT">
                <genericmetadata:Value></genericmetadata:Value>
                <genericmetadata:ReportedAttribute conceptID="QUALITY_ASSURE">
                    <genericmetadata:Value>&lt;div&gt;All basic data provided by participating countries undergo a detailed bilateral and multilateral validation process, described in detail in the Methodological manual for the calculation of Intra-EU correction coefficients (see 10.6).&lt;/div&gt;
&lt;div&gt;Calculation of average rents is done by ISRP on behalf of Eurostat.&lt;/div&gt;</genericmetadata:Value>
                </genericmetadata:ReportedAttribute>
                <genericmetadata:ReportedAttribute conceptID="QUALITY_ASSMNT">
                    <genericmetadata:Value>&lt;p&gt;The survey reports provided to Eurostat and ISRP are reviewed after each estate agency rent survey.&lt;br /&gt;A ‘post mortem’ review is conducted after each staff housing survey.&lt;br /&gt;Methodology and results are reviewed annually in the Expert Working Group on Articles 64 &amp;amp; 65 of the Staff Regulations.&lt;/p&gt;</genericmetadata:Value>
                </genericmetadata:ReportedAttribute>
            </genericmetadata:ReportedAttribute>
            <genericmetadata:ReportedAttribute conceptID="RELEVANCE">
                <genericmetadata:Value></genericmetadata:Value>
                <genericmetadata:ReportedAttribute conceptID="USER_NEEDS">
                    <genericmetadata:Value>&lt;div&gt;Correction coefficients are used to adjust salaries of international officials and pensions of retired international officials who are living outside Brussels and Luxembourg, and for other administrative purposes.&lt;/div&gt;
&lt;div&gt;&amp;nbsp;&lt;/div&gt;
&lt;div&gt;The information is made available publicly to allow international organisations and other users to satisfy their needs as well.&lt;/div&gt;
&lt;div&gt;&amp;nbsp;&lt;/div&gt;
&lt;div&gt;Some users typically request data at a more detailed level than is currently authorised for publication either in the online database or in the detailed reports. Changing procedures to better accommodate such needs would require considerable modification to the existing methodology and organisation of the exercise, and is not feasible.&lt;/div&gt;
&lt;div&gt;&amp;nbsp;&lt;/div&gt;
&lt;div&gt;Providing information on average rents is addressing user needs without requiring changing procedures or modifying the existing methodology.&lt;/div&gt;</genericmetadata:Value>
                </genericmetadata:ReportedAttribute>
                <genericmetadata:ReportedAttribute conceptID="USER_SAT">
                    <genericmetadata:Value>&lt;div&gt;A "Rolling Review" on the European Comparison Programme was carried out in 2010 in the context of Eurostat’s Quality Assurance Framework. The Rolling Review consisted of a survey among users, a survey among partners (mainly the National Statistical Institutes) and a self-assessment by Eurostat.&lt;/div&gt;
&lt;div&gt;&amp;nbsp;&lt;/div&gt;
&lt;div&gt;A formal review of A64 Intra-EU correction coefficients for active staff and pensioners was carried out in 2010 and updated in 2021. This included informal contact with users, lessons drawn from partners (mainly the National Statistical Institutes) and a self-assessment by Eurostat. End-users and data partners are consulted annually regarding data quality.&lt;/div&gt;</genericmetadata:Value>
                </genericmetadata:ReportedAttribute>
                <genericmetadata:ReportedAttribute conceptID="COMPLETENESS">
                    <genericmetadata:Value>&lt;p&gt;Average rent prices are calculated and published for all the selected duty stations (see 3.3).&lt;/p&gt;</genericmetadata:Value>
                </genericmetadata:ReportedAttribute>
            </genericmetadata:ReportedAttribute>
            <genericmetadata:ReportedAttribute conceptID="ACCURACY">
                <genericmetadata:Value></genericmetadata:Value>
                <genericmetadata:ReportedAttribute conceptID="ACCURACY_OVERALL">
                    <genericmetadata:Value>&lt;div&gt;The precision of parities, and therefore the precision of correction coefficients, increases with the level of aggregation. This means that the parity at the level of total household consumption will be more reliable, or precise, than the parity for "food and non-alcoholic beverages" which is one of the sub-aggregates of final household consumption (12 main COICOP groups). Similarly, the parity for "food and non-alcoholic beverages" will be more reliable than the parity for "bread and cereals" which is one of the analytical categories within that COICOP group.&lt;/div&gt;
&lt;div&gt;&amp;nbsp;&lt;/div&gt;
&lt;div&gt;Similarly, in the rents context, calculation of the average rent in the six-year model is more robust than the figure for a single year, and calculating the combined average rent price for the five dwelling types used in the estate agency rent surveys is more reliable than the average rent for a single category such as “detached houses”.&lt;/div&gt;
&lt;div&gt;&amp;nbsp;&lt;/div&gt;
&lt;div&gt;The input data into the rent parity calculation process comes from several sources, specifically, from specific estate agency rent surveys, updating rent price indices from national statistical institutes and specific staff housing surveys. This makes it impossible to calculate any meaningful, numerical measure of error margins for rent parities.&lt;/div&gt;</genericmetadata:Value>
                </genericmetadata:ReportedAttribute>
                <genericmetadata:ReportedAttribute conceptID="SAMPLING_ERR">
                    <genericmetadata:Value>&lt;p&gt;Not applicable&lt;/p&gt;</genericmetadata:Value>
                </genericmetadata:ReportedAttribute>
                <genericmetadata:ReportedAttribute conceptID="NONSAMPLING_ERR">
                    <genericmetadata:Value>&lt;div&gt;In the estate agency rent surveys, like in consumer goods price surveys generally, measurement errors can potentially occur due to non-compliance with the strict item definitions, for instance with regard to sizes or quality parameters. While participation in the fieldwork process aims to minimise such risks, and the ex post validation process aims at eliminating these errors by carefully comparing the price material provided by each country and evaluating its plausibility, some of these errors can be hard to identify.&lt;/div&gt;
&lt;div&gt;&amp;nbsp;&lt;/div&gt;
&lt;div&gt;While non-response from one particular statistical unit can usually be easily overcome by replacing&amp;nbsp;that unit, and normally has a very limited impact at the level of the published categories anyway, a special problem does occur where no prices are available for a given item in Belgium or in the Member State concerned. In these cases, a price relative is imputed on the basis of the price relatives for other items. If a country does not report prices for any sample product in a given basic heading, the gaps are typically filled using the parity of either a "similar" basic heading, or of a hierarchical category. For the estate agency rent data, every effort is made to ensure no such gaps occur.&lt;/div&gt;</genericmetadata:Value>
                </genericmetadata:ReportedAttribute>
            </genericmetadata:ReportedAttribute>
            <genericmetadata:ReportedAttribute conceptID="TIMELINESS_PUNCT">
                <genericmetadata:Value></genericmetadata:Value>
                <genericmetadata:ReportedAttribute conceptID="TIMELINESS">
                    <genericmetadata:Value>&lt;p&gt;Average rent prices for June (1st July) are published in autumn of the same year.&lt;/p&gt;</genericmetadata:Value>
                </genericmetadata:ReportedAttribute>
                <genericmetadata:ReportedAttribute conceptID="PUNCTUALITY">
                    <genericmetadata:Value>&lt;p&gt;There is no formal requirement to publish average rent prices on a specific date, however publication takes place as quickly as possible after the publication of the Eurostat Annual remuneration report and finalisation of the annual booklet on current market rents.&lt;/p&gt;</genericmetadata:Value>
                </genericmetadata:ReportedAttribute>
            </genericmetadata:ReportedAttribute>
            <genericmetadata:ReportedAttribute conceptID="COHER_COMPAR">
                <genericmetadata:Value></genericmetadata:Value>
                <genericmetadata:ReportedAttribute conceptID="COMPAR_GEO">
                    <genericmetadata:Value>&lt;p&gt;Because of dwellings' uniqueness, housing cannot be dealt in exactly the same way as other consumer goods and services. In practice, it is very difficult to identify dwelling types and residential neighbourhoods in other duty stations that are fully comparable to those selected for Brussels. However, the specific methodology developed by Eurostat has been refined over many years of discussion and implementation with ISRP, NSIs and real estate agents. The comparability of average rents can be assumed to be good.&lt;/p&gt;</genericmetadata:Value>
                </genericmetadata:ReportedAttribute>
                <genericmetadata:ReportedAttribute conceptID="COMPAR_TIME">
                    <genericmetadata:Value>&lt;p&gt;Correction coefficients (including rent parities) are designed to compare price levels for different geographical locations at the same point in time. Temporal consumer price indices (including rent subindex) on the other hand are designed to compare price levels for the same geographical location at different points in time. This difference has important implications for the way in which items are selected and defined, and other aspects of methodology. It is conceivable that two successive calculations of correction coefficients may use quite different samples and methodologies, if this is considered necessary to produce a spatial comparison of improved quality. Unfortunately, no indicator exists that simultaneously captures spatial and temporal aspects in an adequate manner. Clearly, a degree of care is therefore required when interpreting the temporal development of correction coefficients.&lt;/p&gt;</genericmetadata:Value>
                </genericmetadata:ReportedAttribute>
                <genericmetadata:ReportedAttribute conceptID="COHER_X_DOM">
                    <genericmetadata:Value>&lt;div&gt;Eurostat publishes a variety of different price level indicators, each designed to satisfy particular user needs. As methodologies and data sources vary, so the magnitude and direction of change identified by these indicators can differ. The following is a non-exhaustive list :&lt;/div&gt;
&lt;div&gt;
&lt;ul&gt;
&lt;li&gt;Correction coefficients (duty stations) compare the bilateral price level of duty stations with Brussels, used for EU administrative purposes.&lt;/li&gt;
&lt;/ul&gt;
&lt;/div&gt;
&lt;div&gt;
&lt;ul&gt;
&lt;li&gt;Correction coefficients (countries) compare the bilateral price level of Member States with Belgium, used for EU administrative purposes.&lt;/li&gt;
&lt;/ul&gt;
&lt;/div&gt;
&lt;div&gt;
&lt;ul&gt;
&lt;li&gt;Purchasing power parities calculated using the multilateral EKS formula compare the price level of Member States relative to the EU average, used to establish GDP volumes.&lt;/li&gt;
&lt;/ul&gt;
&lt;/div&gt;
&lt;div&gt;
&lt;ul&gt;
&lt;li&gt;Harmonised indices of consumer prices measure the temporal change in prices within each Member State.&lt;/li&gt;
&lt;/ul&gt;
&lt;/div&gt;
&lt;div&gt;
&lt;ul&gt;
&lt;li&gt;Owner-occupied housing price index measure the temporal change in prices within each&amp;nbsp;Member State.&lt;/li&gt;
&lt;/ul&gt;
&lt;/div&gt;</genericmetadata:Value>
                </genericmetadata:ReportedAttribute>
                <genericmetadata:ReportedAttribute conceptID="COHER_INTERNAL">
                    <genericmetadata:Value>&lt;p&gt;Not applicable&lt;/p&gt;</genericmetadata:Value>
                </genericmetadata:ReportedAttribute>
            </genericmetadata:ReportedAttribute>
            <genericmetadata:ReportedAttribute conceptID="COST_BURDEN">
                <genericmetadata:Value>&lt;p&gt;Correction coefficients make maximum use of data already compiled under the European Comparison Programme and the Memorandum of Understanding signed by Eurostat and partner international organisations. Minimal additional response burden is created on National Statistical Institutes. To the extent to which the methodology to implement estate agency surveys imposes specific task obligations in EU Member States, specific funding provisions are made.&lt;/p&gt;</genericmetadata:Value>
            </genericmetadata:ReportedAttribute>
            <genericmetadata:ReportedAttribute conceptID="DATA_REV">
                <genericmetadata:Value></genericmetadata:Value>
                <genericmetadata:ReportedAttribute conceptID="REV_POLICY">
                    <genericmetadata:Value>&lt;div&gt;The regular calculation and publication schedule is outlined in sections 8, 9, 10 and 14.&lt;/div&gt;
&lt;div&gt;&amp;nbsp;&lt;/div&gt;
&lt;div&gt;The revision policy is set out in the Methodological manual for the calculation of Intra-EU correction coefficients.&lt;/div&gt;</genericmetadata:Value>
                </genericmetadata:ReportedAttribute>
                <genericmetadata:ReportedAttribute conceptID="REV_PRACTICE">
                    <genericmetadata:Value>&lt;p&gt;Correction coefficient methodology and data quality are under continuous review both within the Expert Working Group on Articles 64 &amp;amp; 65 of the Staff Regulations and in the Expert Working Group on Purchasing Power Parities (for basic data on consumer goods and services), and in the context of collaboration with partner international organisations. This includes the specific methodology used for estate agency rent surveys and for staff housing surveys.&lt;/p&gt;</genericmetadata:Value>
                </genericmetadata:ReportedAttribute>
            </genericmetadata:ReportedAttribute>
            <genericmetadata:ReportedAttribute conceptID="STAT_PROCESS">
                <genericmetadata:Value></genericmetadata:Value>
                <genericmetadata:ReportedAttribute conceptID="SOURCE_TYPE">
                    <genericmetadata:Value>&lt;div&gt;Rent prices are obtained from specific surveys of real estate agencies coordinated by Eurostat and the International Service for Remunerations and Pensions of the Coordinated Organisations, with the assistance of national statistical institutes.&lt;/div&gt;
&lt;div&gt;&amp;nbsp;&lt;/div&gt;
&lt;div&gt;Updating rent price indices are compiled from national statistical institutes.&lt;/div&gt;
&lt;div&gt;&amp;nbsp;&lt;/div&gt;
&lt;div&gt;Expenditure weights for aggregation purposes (‘dwelling type preference weights’) and dwelling mobility behaviour for data combination in six-year model (‘taper weights’) are obtained from periodic Staff Housing Surveys conducted amongst active international officials.&lt;/div&gt;</genericmetadata:Value>
                </genericmetadata:ReportedAttribute>
                <genericmetadata:ReportedAttribute conceptID="FREQ_COLL">
                    <genericmetadata:Value>&lt;div&gt;Estate agency rent surveys are conducted annually.&lt;/div&gt;
&lt;div&gt;&amp;nbsp;&lt;/div&gt;
&lt;div&gt;Updating rent price indices are compiled annually.&lt;/div&gt;
&lt;div&gt;&amp;nbsp;&lt;/div&gt;
&lt;div&gt;Staff Housing Surveys are typically conducted at intervals of five years and cover all duty station locations simultaneously.&lt;/div&gt;</genericmetadata:Value>
                </genericmetadata:ReportedAttribute>
                <genericmetadata:ReportedAttribute conceptID="COLL_METHOD">
                    <genericmetadata:Value>&lt;p&gt;Rent data collection is usually done by face-to-face interviews with the pre-selected real estate agencies - and alternatively by face-to-face video interviews (PAVI/CAVI), telephone interviews (PATI/CATI), manual web-scraping and passive email, postal or online questionnaire, or by a combination of these techniques. Within the general framework laid down by Eurostat and the International Service for Remunerations and Pensions and the methodology approved by the Eurostat Expert Working Group on Articles 64 &amp;amp; 65 of the Staff Regulations, national statistical institutes have a degree of freedom as to how to conduct the data collection.&lt;/p&gt;
&lt;div&gt;Staff Housing Surveys are conducted using an online questionnaire developed in collaboration with partner international organisations and approved by the Eurostat Expert Working Group on Articles 64 &amp;amp; 65 of the Staff Regulations. Where adequate population data is available, results from staff housing survey samples are calibrated ex post to fit the population distribution.&lt;/div&gt;
&lt;div&gt;&amp;nbsp;&lt;/div&gt;
&lt;div&gt;Where the target population of active international officials is particularly small or mobile or response rates are particularly low, such that reliable information about dwelling type preferences and/or mobility behaviour cannot be established, regional pool weights may instead be applied.&lt;/div&gt;</genericmetadata:Value>
                </genericmetadata:ReportedAttribute>
                <genericmetadata:ReportedAttribute conceptID="DATA_VALIDATION">
                    <genericmetadata:Value>&lt;div&gt;For rents, the validation of input data is an interactive process between Eurostat, ISRP and the national statistical institutes.&lt;/div&gt;
&lt;div&gt;&amp;nbsp;&lt;/div&gt;
&lt;div&gt;For dwelling preference weights and taper weights, the validation of input data is an interactive process between Eurostat and ISRP.&lt;/div&gt;</genericmetadata:Value>
                </genericmetadata:ReportedAttribute>
                <genericmetadata:ReportedAttribute conceptID="DATA_COMP">
                    <genericmetadata:Value>&lt;div&gt;Calculation of the average rent prices involves the following stages:&lt;/div&gt;
&lt;div&gt;&amp;nbsp;&lt;/div&gt;
&lt;div&gt;a) Ex ante organisation of the estate agency rent survey (EARS), i.e. review of the dwelling sizes and the surveyed neighbourhoods, validating the list of participating real estate agents and making initial contacts, etc.&lt;/div&gt;
&lt;div&gt;&amp;nbsp;&lt;/div&gt;
&lt;div&gt;b) Data collection (interviews with real estate agents).&lt;/div&gt;
&lt;div&gt;&amp;nbsp;&lt;/div&gt;
&lt;div&gt;c) Data validation (comprehensive multi-stage review).&lt;/div&gt;
&lt;div&gt;&amp;nbsp;&lt;/div&gt;
&lt;div&gt;d) Calculation of average rent prices per type of dwelling (simple arithmetic mean of observations collected from real estate agents).&lt;/div&gt;
&lt;div&gt;&amp;nbsp;&lt;/div&gt;
&lt;div&gt;Calculation of rent parities in the six-year model involves combining the annual rent prices for each dwelling type with updating rent price indices and taper weights (mobility behaviour data), and combining the price ratios between each city and Brussels using dwelling type preference weights.&lt;/div&gt;</genericmetadata:Value>
                </genericmetadata:ReportedAttribute>
                <genericmetadata:ReportedAttribute conceptID="ADJUSTMENT">
                    <genericmetadata:Value>&lt;p&gt;Not applicable.&lt;/p&gt;</genericmetadata:Value>
                </genericmetadata:ReportedAttribute>
            </genericmetadata:ReportedAttribute>
            <genericmetadata:ReportedAttribute conceptID="COMMENT_DSET">
                <genericmetadata:Value>&lt;p&gt;None&lt;/p&gt;</genericmetadata:Value>
            </genericmetadata:ReportedAttribute>
        </genericmetadata:AttributeValueSet>
        <genericmetadata:Annotations>
            <common:Annotation>
                <common:AnnotationType>FOR_PUBLICATION</common:AnnotationType>
                <common:AnnotationText>YES</common:AnnotationText>
            </common:Annotation>
        </genericmetadata:Annotations>
    </genericmetadata:MetadataSet>
</GenericMetadata>
